{"wirelessSensors": [{"name": "LoRa_1", "lastTs": 1703598977, "rssi": -14, "uid": "281f402f", "batteryLevel": 93, "humidity": 65}, {"name": "LoRa_2", "lastTs": null, "rssi": null, "uid": "9e0e44f4", "batteryLevel": null, "humidity": null}], "outputs": [{"name": "output 1", "lastTs": 1703598674, "uuidWirelessSensor": "281f402f", "schedule": {"startTs": 1703685000, "endTs": 1703685120}, "value": false, "id": 1}, {"name": "output 2", "lastTs": 1703243053, "uuidWirelessSensor": null, "schedule": {"startTs": null, "endTs": null}, "value": false, "id": 2}, {"name": "output 3", "lastTs": null, "uuidWirelessSensor": null, "schedule": {"startTs": null, "endTs": null}, "value": false, "id": 3}, {"name": "output 4", "lastTs": null, "uuidWirelessSensor": null, "schedule": {"startTs": null, "endTs": null}, "value": false, "id": 4}], "humidity": null, "rssi": null, "sensors": [], "temperature": null}